_group,_leagueName,助攻,盖帽,防守篮板,投篮命中数,投篮命中率,投篮出手数,罚球命中数,罚球命中率,罚球出手数,出场次数,首发次数,leagueEvent,leagueEventId,season,seasonId,year,中距离命中数,中距离命中率,中距离出手数,上场时间(分钟),进攻篮板,个人犯规,age,height,number,playerEnName,playerId,playerName,position,sex,teamId,teamName,得分,篮板(总),篮下命中数,篮下命中率,篮下出手数,上场时间(秒),抢断,三分命中数,三分命中率,三分出手数,失误,_playerName
CUBAL一级联赛,CUBAL一级联赛,1.6364,0.0909,0.9091,1.9091,0.4468,4.2727,0.1818,1,0.1818,11,1,CUBAL一级联赛,20005,2023-24,200267,2023,0.3636,0.5,0.7273,12.98,0.1818,0.1818,18,178,2,Li Jialin,40730,李嘉琳,SG,2,1003320453,清华大学,5.5455,1.0909,0,0,0.1818,779,0.6364,1.5455,0.4595,3.3636,0.4545,
CUBAL一级联赛,CUBAL一级联赛,3.6316,0.2105,1.5789,3.1053,0.362,8.5789,0.2105,0.8,0.2632,19,4,CUBAL一级联赛,20005,2024-25,200406,2024,0.4737,0.3333,1.4211,20.38,1,1.2632,19,178,2,Li Jialin,40730,李嘉琳,SF,2,1003320453,清华大学,8.4211,2.5789,0.6316,0.6316,1,1223,1.0526,2,0.3248,6.1579,1.2632,
CUBAL一级联赛,CUBAL一级联赛,0.25,0,2.5,3,0.4286,7,0.5,1,0.5,4,6,CUBAL一级联赛,20005,2022-23,200069,2022,0,0,0.5,18.52,1.5,1.25,18,173,4,Wu Yutong,32072,吴语桐,PG,2,1003320453,清华大学,7.5,4,0.5,1,0.5,1111,0.75,1,0.2857,3.5,0.5,
CUBAL一级联赛,CUBAL一级联赛,3.1765,0,0.9412,2.7059,0.4946,5.4706,1.2941,0.5238,2.4706,17,0,CUBAL一级联赛,20005,2023-24,200267,2023,0.4706,0.4211,1.1176,17.25,1.3529,1.5294,19,173,4,Wu Yutong,32072,吴语桐,SG,2,1003320453,清华大学,6.8824,2.2941,2.0588,0.6731,3.0588,1035,1.2353,0.1765,0.1364,1.2941,1.3529,
CUBAL一级联赛,CUBAL一级联赛,2.7647,0,1.4118,4.5882,0.4671,9.8235,1.2353,0.5526,2.2353,17,12,CUBAL一级联赛,20005,2024-25,200406,2024,0.8824,0.3947,2.2353,22.12,1.5882,1.0588,20,173,4,Wu Yutong,32072,吴语桐,SG,2,1003320453,清华大学,11.2353,3,2.8824,0.6622,4.3529,1327,1.1176,0.8235,0.2545,3.2353,1.7647,
CUBAL一级联赛,CUBAL一级联赛,2.8,0,2.4,2.8,0.4,7,0.2,0.5,0.4,5,5,CUBAL一级联赛,20005,2022-23,200069,2022,0.2,0.3333,0.6,24.72,1.2,2.2,20,170,5,Wang Xiaoqing,32064,王小青,PG,2,1003320453,清华大学,7.4,3.6,0.6,0.75,0.8,1483,0.8,1.6,0.381,4.2,2,
CUBAL一级联赛,CUBAL一级联赛,3.0556,0,1.6111,1.8889,0.4146,4.5556,0.3889,0.5385,0.7222,18,18,CUBAL一级联赛,20005,2023-24,200267,2023,0.1111,0.25,0.4444,21.37,0.8333,1.2778,21,170,5,Wang Xiaoqing,32064,王小青,PG,2,1003320453,清华大学,5.3333,2.4444,0.6111,0.5,1.2222,1282,0.8333,1.1667,0.4038,2.8889,1.4444,
CUBAL一级联赛,CUBAL一级联赛,5.5789,0.0526,2.5789,3.2105,0.4236,7.5789,0.8947,0.6296,1.4211,19,19,CUBAL一级联赛,20005,2024-25,200406,2024,0.2632,0.2941,0.8947,25.82,0.5789,1.6316,22,170,5,Wang Xiaoqing,32064,王小青,PG,2,1003320453,清华大学,8.8947,3.1579,1.3684,0.5909,2.3158,1549,1.3158,1.5789,0.3614,4.3684,1.8421,
CUBAL一级联赛,CUBAL一级联赛,1.625,0.4375,2.875,1.625,0.4407,3.6875,0.5625,0.9,0.625,16,2,CUBAL一级联赛,20005,2023-24,200267,2023,0.5,0.5333,0.9375,15.03,2.25,0.5625,19,189,3,Liu Qi,92064,刘琦,PF,2,1003320453,清华大学,4,5.125,0.9375,0.625,1.5,902,0.625,0.1875,0.15,1.25,0.75,
CUBAL一级联赛,CUBAL一级联赛,2.4211,0.4737,4.4737,2.6842,0.3806,7.0526,0.7895,0.6818,1.1579,19,8,CUBAL一级联赛,20005,2024-25,200406,2024,0.4737,0.3214,1.4737,20.57,2.6316,1.2632,20,189,6,Liu Qi,92064,刘琦,PF,2,1003320453,清华大学,7.1053,7.1053,1.2632,0.8,1.5789,1234,1.0526,0.9474,0.2368,4,0.9474,
CUBAL一级联赛,CUBAL一级联赛,1.4,0.2,1.4,2.4,0.3243,7.4,1.4,0.5,2.8,5,8,CUBAL一级联赛,20005,2022-23,200069,2022,0,0,0.6,17.73,1.6,2.2,19,181,7,Yuan Xinyue,32066,袁欣悦,PF,2,1003320453,清华大学,6.6,3,0.4,0.5,0.8,1064,1.8,0.4,0.1667,2.4,1,
CUBAL一级联赛,CUBAL一级联赛,1.8889,0.1667,1.8333,2.5,0.4327,5.7778,1.2222,0.5238,2.3333,18,12,CUBAL一级联赛,20005,2023-24,200267,2023,0.1111,0.125,0.8889,16.25,1.3333,1.4444,20,181,7,Yuan Xinyue,32066,袁欣悦,SF,2,1003320453,清华大学,6.5,3.1667,2.1111,0.6333,3.3333,975,1.3333,0.2778,0.1786,1.5556,1.8333,
CUBAL一级联赛,CUBAL一级联赛,3.5,0.0833,2.75,4.1667,0.5682,7.3333,2.6667,0.6154,4.3333,12,11,CUBAL一级联赛,20005,2024-25,200406,2024,0.3333,0.3077,1.0833,18.45,2.5,2.0833,21,181,7,Yuan Xinyue,32066,袁欣悦,SF,2,1003320453,清华大学,11.5,5.25,3.3333,0.7018,4.75,1107,2.25,0.5,0.3333,1.5,1.6667,
CUBAL一级联赛,CUBAL一级联赛,1.5,0,0.5,0.5,0.1,5,0,0,0,2,0,CUBAL一级联赛,20005,2024-25,200406,2024,0.5,0.25,2,15.47,1,0,20,180,8,Liang Yuejie,92943,梁悦洁,PF,2,1003320453,清华大学,1,1.5,0,0,2.5,928,1.5,0,0,0.5,0.5,
CUBAL一级联赛,CUBAL一级联赛,4.0556,0.0556,1.7778,3.0556,0.3929,7.7778,0.4444,0.4211,1.0556,18,2,CUBAL一级联赛,20005,2023-24,200267,2023,0.3333,0.1765,1.8889,22.5,1.0556,1.2222,20,175,9,Wang Manlin,80514,王镘淋,PG,2,1003320453,清华大学,8.1667,2.8333,1.1111,0.7407,1.5,1350,1,1.6111,0.3671,4.3889,2.0556,
CUBAL一级联赛,CUBAL一级联赛,3.1579,0.0526,2.0526,3.2632,0.3899,8.3684,1.0526,0.6667,1.5789,19,3,CUBAL一级联赛,20005,2024-25,200406,2024,0.4737,0.2571,1.8421,20.9,1.6316,1.3158,21,175,9,Wang Manlin,80514,王镘淋,PG,2,1003320453,清华大学,8.7895,3.6842,1.5789,0.6977,2.2632,1254,1.2105,1.2105,0.284,4.2632,1.9474,
CUBAL一级联赛,CUBAL一级联赛,0.8333,0.3333,2.1667,1.4167,0.5484,2.5833,0.25,0.75,0.3333,12,1,CUBAL一级联赛,20005,2024-25,200406,2024,0.3333,0.3077,1.0833,12.37,2.0833,0.9167,18,185,10,Wei Yiran,89060,魏亦冉,PF,2,1003320453,清华大学,3.0833,4.25,1.0833,0.7647,1.4167,742,0.25,0,0,0.0833,0.5833,
CUBAL一级联赛,CUBAL一级联赛,4,0.2,4.6,5,0.5102,9.8,1.2,0.4286,2.8,5,5,CUBAL一级联赛,20005,2022-23,200069,2022,0.8,0.4,2,25.62,5.6,2.6,19,184,11,Zhang Tao,32071,张涛,PF,2,1003320453,清华大学,11.2,10.2,0.4,0.3333,1.2,1537,1.8,0,0,0,2.8,
CUBAL一级联赛,CUBAL一级联赛,4.2353,0.1176,6.1765,3.9412,0.5403,7.2941,2.8235,0.6575,4.2941,17,16,CUBAL一级联赛,20005,2023-24,200267,2023,0.7647,0.3611,2.1176,24.52,3.4706,2,20,184,11,Zhang Tao,32071,张涛,PF,2,1003320453,清华大学,10.7059,9.6471,3.1765,0.6136,5.1765,1471,1.4706,0,0,0,3,
CUBAL一级联赛,CUBAL一级联赛,3.8333,0.0833,6.4167,4.75,0.5,9.5,2.8333,0.6182,4.5833,12,12,CUBAL一级联赛,20005,2024-25,200406,2024,0.75,0.3462,2.1667,24.22,4.0833,2.75,21,184,11,Zhang Tao,32071,张涛,PF,2,1003320453,清华大学,12.5,10.5,3.8333,0.5542,6.9167,1453,2.6667,0.1667,0.4,0.4167,2.3333,
CUBAL一级联赛,CUBAL一级联赛,1.2,0.6,1,4.6,0.4259,10.8,1,0.8333,1.2,5,5,CUBAL一级联赛,20005,2022-23,200069,2022,0,0,0.2,22.2,1.6,1,21,175,13,Wang Siwen,32074,王思文,SG,2,1003320453,清华大学,12.6,2.6,0.2,0.2,1,1332,1.8,2.4,0.4444,5.4,2,
CUBAL一级联赛,CUBAL一级联赛,1.1333,0.1333,0.8667,3.3333,0.4854,6.8667,0.7333,0.6111,1.2,15,15,CUBAL一级联赛,20005,2023-24,200267,2023,0.4,0.375,1.0667,19.22,1.7333,0.4,22,175,13,Wang Siwen,32074,王思文,SG,2,1003320453,清华大学,8.4667,2.6,1.8667,0.6829,2.7333,1153,1.6667,1.0667,0.3478,3.0667,0.9333,
CUBAL一级联赛,CUBAL一级联赛,1.0909,0,0.7273,1.4545,0.3556,4.0909,0.3636,1,0.3636,11,1,CUBAL一级联赛,20005,2024-25,200406,2024,0.1818,0.25,0.7273,9.93,0.7273,0.2727,23,175,13,Wang Siwen,32074,王思文,SF,2,1003320453,清华大学,4.0909,1.4545,0.4545,0.7143,0.6364,596,0.9091,0.8182,0.3,2.7273,0.7273,
CUBAL一级联赛,CUBAL一级联赛,0.6316,0.5263,2.7895,3.7368,0.5772,6.4737,1.6316,0.6739,2.4211,19,0,CUBAL一级联赛,20005,2024-25,200406,2024,0.8947,0.3864,2.3158,15.48,1.3158,2.1579,18,197,15,Sun Kaiwen,88706,孙楷文,C,2,1003320453,清华大学,9.2632,4.1053,2.6316,0.7246,3.6316,929,0.3158,0.1579,0.3333,0.4737,0.7368,
CUBAL一级联赛,CUBAL一级联赛,0.5,0.75,2.25,3,0.4,7.5,0.5,0.5,1,4,5,CUBAL一级联赛,20005,2022-23,200069,2022,0,0,1,14.4,2,1,19,199,16,Gao Ziyue,32067,高梓悦,C,2,1003320453,清华大学,6.5,4.25,0.25,0.5,0.5,864,1.5,0,0,0.5,0.75,
CUBAL一级联赛,CUBAL一级联赛,1,0.6111,4,4,0.4472,8.9444,1.0556,0.6129,1.7222,18,1,CUBAL一级联赛,20005,2023-24,200267,2023,1.0556,0.2676,3.9444,18.35,3.4444,1.3889,20,199,16,Gao Ziyue,32067,高梓悦,C,2,1003320453,清华大学,9.0556,7.4444,2.9444,0.6023,4.8889,1101,1.0556,0,0,0.1111,0.8889,
CUBAL一级联赛,CUBAL一级联赛,1.2222,0.6111,4.4444,6.3333,0.5938,10.6667,1.5,0.6923,2.1667,18,17,CUBAL一级联赛,20005,2024-25,200406,2024,1.8889,0.4857,3.8889,21.92,2.4444,1.2778,21,199,16,Gao Ziyue,32067,高梓悦,C,2,1003320453,清华大学,14.4444,6.8889,4.1667,0.7653,5.4444,1315,1.3889,0.2778,0.2083,1.3333,1.2778,
CUBAL一级联赛,CUBAL一级联赛,0.6667,0.3333,3,1.3333,0.2222,6,0.6667,0.6667,1,3,6,CUBAL一级联赛,20005,2022-23,200069,2022,0,0,0,14.85,4.6667,0.6667,20,183,9,Jin Yunke,32073,金耘可,C,2,1003320453,清华大学,3.3333,7.6667,0,0,0,891,1,0,0,1.3333,1.6667,
CUBAL一级联赛,CUBAL一级联赛,1,0,1,1,0.25,4,0,0,2,1,0,CUBAL一级联赛,20005,2023-24,200267,2023,1,0.5,2,11.73,0,1,21,183,99,Jin Yunke,32073,金耘可,C,2,1003320453,清华大学,2,1,0,0,1,704,0,0,0,1,1,
CUBAL一级联赛,CUBAL一级联赛,0.5833,0.0833,0.9167,0.8333,0.4762,1.75,0.4167,0.8333,0.5,12,0,CUBAL一级联赛,20005,2023-24,200267,2023,0.3333,0.4,0.8333,8.92,0.6667,0.8333,20,177,21,Li Yujing,93035,李瑜婧,SF,2,1003320453,清华大学,2.0833,1.5833,0.5,0.5455,0.9167,535,1.0833,0,0,0,0.1667,
CUBAL一级联赛,CUBAL一级联赛,1.3684,0.0526,1.2105,1.7895,0.4304,4.1579,0.4737,0.75,0.6316,19,7,CUBAL一级联赛,20005,2024-25,200406,2024,0.7368,0.4828,1.5263,16.77,1.2632,1.5263,21,177,21,Li Yujing,93035,李瑜婧,SF,2,1003320453,清华大学,4.3684,2.4737,0.7368,0.56,1.3158,1006,0.4737,0.3158,0.24,1.3158,1.2105,
undefined,undefined,,,,,,,,,,,,,,,,,,,,,,,,,,,,,,,,,,,,,,,,,,,,郑梓怡